nom,cognom,data_naixement,correu_electronic,numero_telefon,ID_Localitzacio
Carlie,Neasham,1992-09-14,cneasham0@umn.edu,926-766-2659,1444
Shir,Mix,1979-06-01,smix1@bizjournals.com,766-104-2728,1047
Berni,Carass,1979-05-01,bcarass2@usnews.com,941-214-6394,1498
Nikos,Shotton,1998-10-22,nshotton3@xrea.com,615-647-2255,1076
Alec,Wixey,1968-11-17,awixey4@hud.gov,566-520-3584,1866
Francine,Davidove,2003-09-21,fdavidove5@privacy.gov.au,905-384-4013,1277
Cecilius,McCauley,1985-09-21,cmccauley6@twitpic.com,604-662-9562,1436
Gussy,Sangwin,1951-01-16,gsangwin7@archive.org,686-156-4172,1423
Arlan,Bodega,1984-04-21,abodega8@amazon.co.jp,882-257-2743,1240
Rici,McNellis,1991-03-21,rmcnellis9@patch.com,670-217-1142,1527
Etan,Wyman,1950-07-14,ewymana@shutterfly.com,887-351-4035,1434
Nerte,Jeacocke,1961-04-17,njeacockeb@1688.com,104-836-0059,1020
Liv,Luttgert,1964-05-05,lluttgertc@house.gov,791-649-1895,1475
Melloney,Mobbs,1961-09-10,mmobbsd@blogs.com,609-549-1061,1941
Byron,Hune,1975-10-03,bhunee@usa.gov,645-915-8190,1466
Justis,Clarke,1953-02-08,jclarkef@issuu.com,551-813-9620,1093
Jaye,Breeds,1954-11-27,jbreedsg@nps.gov,654-391-2245,1361
Finley,Emig,1996-06-10,femigh@plala.or.jp,260-312-1801,1049
Madelon,Sothcott,1999-08-11,msothcotti@prnewswire.com,369-359-9259,1503
Phillipe,Secombe,1953-05-16,psecombej@microsoft.com,572-378-7124,1326
Jackie,Aspey,1963-08-28,jaspeyk@google.com.au,806-394-1347,1773
Joleen,Kremer,1968-06-26,jkremerl@delicious.com,314-852-7483,1231
Parker,Faulder,1994-12-03,pfaulderm@vinaora.com,704-994-0547,1193
Ogdan,Cockcroft,1970-11-11,ocockcroftn@livejournal.com,504-821-7283,1496
Hannah,Davis,1982-12-13,hdaviso@typepad.com,361-749-1668,1495
Clarinda,Adrienne,1982-04-16,cadriennep@mlb.com,482-267-8240,1639
Patrice,Llewhellin,1956-03-20,pllewhellinq@nsw.gov.au,104-646-2226,1086
Brian,Pennycuick,1995-04-01,bpennycuickr@nps.gov,144-496-9891,1260
Hilary,McQuie,1985-06-23,hmcquies@addthis.com,322-939-0251,1571
Allie,Duff,2002-05-16,adufft@sitemeter.com,570-698-7168,1123
Hermie,Kleanthous,1983-09-06,hkleanthousu@theglobeandmail.com,819-317-1267,1474
Gretchen,Willimott,1993-05-10,gwillimottv@woothemes.com,205-831-7455,1166
Alejandro,Wollard,1957-05-19,awollardw@moonfruit.com,898-678-9686,1595
Terza,Summerill,1961-07-28,tsummerillx@furl.net,328-348-0228,1736
Salomone,Cutchee,1971-05-19,scutcheey@nhs.uk,124-400-0242,1419
Belle,Margetson,1966-11-20,bmargetsonz@yandex.ru,773-213-5114,1595
Nealon,Dragge,1957-07-27,ndragge10@slashdot.org,883-496-6890,1793
Iolanthe,Gillogley,1963-10-23,igillogley11@jimdo.com,779-951-4042,1463
Marcellus,Sybry,1980-12-06,msybry12@sakura.ne.jp,793-258-7064,1174
Gordie,Paxton,1975-12-13,gpaxton13@odnoklassniki.ru,839-668-8860,1160
Vin,Bridgens,1972-12-21,vbridgens14@bandcamp.com,294-282-6589,1552
Fairlie,Siely,2003-09-21,fsiely15@slashdot.org,864-536-4482,1956
Ursuline,Syrad,1967-01-04,usyrad16@google.ru,309-798-6590,1193
Dalis,Parkyn,1973-03-25,dparkyn17@wikia.com,778-767-9578,1588
Lindy,Crossby,1969-09-03,lcrossby18@technorati.com,855-751-4735,1064
Valenka,Outerbridge,2003-12-16,vouterbridge19@unesco.org,465-722-3922,1288
Nicoli,Folger,1987-03-16,nfolger1a@chicagotribune.com,970-750-7865,1630
Franky,Szach,1966-08-22,fszach1b@bloglines.com,786-776-6242,1824
Ansell,Angric,1963-04-09,aangric1c@patch.com,193-225-4188,1955
Sharron,O'Collopy,1954-11-19,socollopy1d@reuters.com,234-442-9937,1103
Gerry,Stickler,1950-04-06,gstickler1e@github.io,206-277-7780,1244
Torey,Hendrick,1990-06-07,thendrick1f@wikispaces.com,959-463-8168,1621
Dalenna,Minards,1986-05-10,dminards1g@newyorker.com,719-478-8066,1950
Dorisa,Drance,1979-10-07,ddrance1h@huffingtonpost.com,369-140-3170,1353
Thebault,Domniney,1954-05-26,tdomniney1i@imageshack.us,361-225-2428,1279
Nettie,Arpin,1954-11-25,narpin1j@tinypic.com,174-501-3152,1315
Lewes,Falls,1967-05-02,lfalls1k@techcrunch.com,808-707-9400,1925
Giacinta,Grene,1995-02-17,ggrene1l@jalbum.net,791-331-1564,1109
Rog,Fredi,1978-03-22,rfredi1m@seesaa.net,605-262-1937,1807
Kirbee,Mattys,1978-07-08,kmattys1n@barnesandnoble.com,794-579-7956,1532
Fanni,Mound,1970-06-15,fmound1o@xrea.com,280-992-8042,1817
Emmalee,Hember,1967-07-03,ehember1p@newyorker.com,530-583-0993,1487
Rikki,Cusworth,1997-01-30,rcusworth1q@typepad.com,971-309-9636,1997
Thornie,Duddell,1997-04-21,tduddell1r@wikimedia.org,568-341-5451,1455
Camala,Mountstephen,1960-02-16,cmountstephen1s@apple.com,513-209-4481,1915
Earle,Dibb,1960-05-24,edibb1t@bloglines.com,108-552-6213,1099
Baxter,Pinson,1953-01-14,bpinson1u@naver.com,501-374-5713,1315
Kirk,Nock,1991-12-13,knock1v@npr.org,313-129-4575,1751
Edy,Edmund,1982-06-28,eedmund1w@seesaa.net,323-284-9228,1742
Amber,Kemshell,1969-08-17,akemshell1x@nationalgeographic.com,664-492-7390,1995
Christos,Noden,1989-02-28,cnoden1y@tinyurl.com,773-188-6815,1804
Suzann,Spanton,1989-02-10,sspanton1z@whitehouse.gov,238-868-0065,1131
Fitz,Blasoni,1961-12-08,fblasoni20@walmart.com,165-174-9366,1783
Wilone,Sibbs,1964-06-19,wsibbs21@miibeian.gov.cn,479-370-4527,1038
Baily,Gatiss,1994-11-24,bgatiss22@yelp.com,388-801-2026,1313
Lorne,Bellenie,1980-06-12,lbellenie23@nationalgeographic.com,438-469-6814,1782
Cornelius,Pedican,1975-10-17,cpedican24@foxnews.com,558-767-2289,1844
Roxy,Bosdet,1952-01-03,rbosdet25@icio.us,993-131-2528,1620
Dacy,Rigden,1994-10-11,drigden26@weebly.com,153-642-6818,1259
Micky,Figure,1963-09-16,mfigure27@seesaa.net,368-104-0567,1668
Ally,Mountney,1969-01-17,amountney28@usnews.com,323-573-5851,1938
Salomone,Duffil,1987-08-20,sduffil29@furl.net,163-131-9115,1377
Inesita,Munslow,1976-11-27,imunslow2a@gnu.org,772-481-5681,1333
Hilde,Kinton,1960-04-17,hkinton2b@fema.gov,654-724-6116,1803
Brigham,Wittrington,1990-04-14,bwittrington2c@time.com,190-183-4812,1245
Chicky,Kearn,1997-02-15,ckearn2d@mail.ru,105-903-1691,1518
Kirsti,Freiburger,1993-02-08,kfreiburger2e@japanpost.jp,504-704-4580,1235
Merissa,Emslie,1969-10-19,memslie2f@weebly.com,382-617-0362,1989
Patty,Martinat,1968-01-11,pmartinat2g@studiopress.com,863-669-5483,1343
Winfield,Pigram,1991-04-21,wpigram2h@barnesandnoble.com,400-804-8284,1849
Baxter,Geeve,1978-10-15,bgeeve2i@bbc.co.uk,872-555-3715,1329
Abrahan,McQuilkin,1980-02-12,amcquilkin2j@amazonaws.com,942-126-7131,1
Ernst,Swynfen,1986-02-23,eswynfen2k@cdbaby.com,827-151-7193,1333
Franciska,Scrivenor,1951-01-07,fscrivenor2l@mit.edu,212-339-7045,1721
Arlyne,Vaar,1957-11-02,avaar2m@stanford.edu,429-968-7060,1821
Lavena,Androsik,1983-11-25,landrosik2n@marketwatch.com,441-626-2650,1473
Harri,Aukland,1995-07-02,haukland2o@oaic.gov.au,925-184-3808,1510
Batholomew,Mynett,1976-01-11,bmynett2p@unc.edu,172-518-9421,1289
Margaux,Romushkin,1983-12-24,mromushkin2q@china.com.cn,843-228-6092,1067
Dede,Renner,1967-02-06,drenner2r@a8.net,159-541-8658,1665
Daveta,Knowling,1980-05-22,dknowling2s@seattletimes.com,891-222-3023,1173
Flori,Tong,1986-03-01,ftong2t@facebook.com,539-101-6973,1159
Brody,Santore,1978-12-13,bsantore2u@lulu.com,517-182-5316,1827
Missie,Clatworthy,1988-09-13,mclatworthy2v@aboutads.info,669-545-7526,1754
Anny,Alliband,1965-06-22,aalliband2w@dell.com,654-611-3800,1955
Gregg,Sellars,2004-12-28,gsellars2x@nytimes.com,611-797-1307,1692
Gaston,McCowan,1973-10-06,gmccowan2y@jimdo.com,459-736-0120,1554
Dav,Viveash,1994-03-17,dviveash2z@slate.com,172-945-0598,1018
Staci,Liverseege,1958-07-29,sliverseege30@php.net,921-567-0364,1888
Steffen,Feragh,2001-10-26,sferagh31@unicef.org,135-280-3477,1710
Paulie,Gothrup,1986-04-12,pgothrup32@newyorker.com,922-797-6295,1925
Elli,Dufour,1958-12-25,edufour33@blogger.com,688-935-7102,1647
Hardy,Olivelli,2001-08-13,holivelli34@economist.com,937-237-1973,1484
Teodor,Dametti,1964-04-27,tdametti35@buzzfeed.com,686-820-9209,1723
Lloyd,Bartlomieczak,1980-11-15,lbartlomieczak36@dailymail.co.uk,451-170-0002,1547
Foss,Oger,1955-12-27,foger37@yolasite.com,508-182-8462,1660
Giffard,Larkins,1963-03-31,glarkins38@baidu.com,539-485-8268,1407
Darci,Zanutti,2000-05-19,dzanutti39@dell.com,535-835-0695,1712
Ches,Conrath,1998-03-24,cconrath3a@fastcompany.com,687-136-9192,1844
Barclay,Josling,1971-09-26,bjosling3b@blogspot.com,486-660-4816,1826
Christalle,Deluce,1973-12-23,cdeluce3c@merriam-webster.com,505-841-9355,1248
Piotr,Clapperton,1951-04-18,pclapperton3d@boston.com,974-767-6855,1465
Odille,Poletto,1973-04-05,opoletto3e@mail.ru,468-309-2266,1777
Gareth,Grise,1990-11-15,ggrise3f@vk.com,774-895-7214,1580
Lynnelle,Emblin,2003-09-14,lemblin3g@scribd.com,459-801-8415,1794
Rodney,Bottoms,1984-01-10,rbottoms3h@vimeo.com,268-556-9126,1379
Loise,Golton,1991-11-30,lgolton3i@hc360.com,703-164-2044,1315
Sophi,Jukes,1972-07-14,sjukes3j@wiley.com,740-670-1458,1810
Jelene,Sharphurst,2000-02-05,jsharphurst3k@google.ca,833-787-9331,1332
Carla,Dellar,2004-04-25,cdellar3l@mapy.cz,542-720-8762,1934
Winona,Stolz,1962-08-09,wstolz3m@hp.com,810-583-5573,1460
Hakim,Doxsey,1983-08-30,hdoxsey3n@sbwire.com,564-992-5047,1452
Barclay,Bompas,1963-12-07,bbompas3o@nasa.gov,332-245-9891,1734
Perkin,Koeppke,1963-03-23,pkoeppke3p@cisco.com,891-869-4342,1475
Talbot,Wellwood,1992-10-22,twellwood3q@berkeley.edu,543-133-6116,1935
Diane,Bussens,1990-12-30,dbussens3r@paginegialle.it,384-545-0963,1552
Gris,Keefe,1981-12-19,gkeefe3s@hao123.com,748-131-4342,1000
Jandy,Bech,2002-12-02,jbech3t@com.com,769-234-0345,1439
Lynnell,Bowmer,2005-02-11,lbowmer3u@over-blog.com,373-948-7530,1545
Oran,Crosswaite,1987-10-09,ocrosswaite3v@unblog.fr,624-244-8857,1657
Meridel,Alpine,1999-12-30,malpine3w@mac.com,252-910-1765,1098
Hadria,Corneck,1971-12-26,hcorneck3x@soup.io,129-306-7487,1239
Kay,Mabe,1976-12-29,kmabe3y@typepad.com,192-375-4712,1409
Cash,Quye,1998-09-15,cquye3z@instagram.com,732-353-3251,1787
Hesther,Tew,2001-01-28,htew40@canalblog.com,345-986-4485,1353
Zabrina,Decaze,1997-03-26,zdecaze41@is.gd,542-385-3862,1640
Prince,Gay,1976-02-27,pgay42@lulu.com,764-782-8924,1833
Ardys,Champion,1973-04-29,achampion43@rambler.ru,170-797-1674,1162
D'arcy,Chucks,1953-08-28,dchucks44@eepurl.com,385-495-2985,1470
Cyrille,Vasenin,1983-07-02,cvasenin45@163.com,665-301-2299,1054
Pepi,Gannicleff,1997-10-06,pgannicleff46@boston.com,182-336-6968,1531
Blondie,Jenson,1967-01-07,bjenson47@vimeo.com,934-298-8161,1308
Neala,Cockerham,1984-01-27,ncockerham48@ucsd.edu,703-293-4976,1399
Linell,Jauncey,1956-05-31,ljauncey49@epa.gov,736-346-9073,1035
Dorelia,Henrot,2002-02-13,dhenrot4a@e-recht24.de,784-538-3682,1360
Alejoa,Underhill,1987-05-17,aunderhill4b@symantec.com,994-864-7929,1205
Sheilah,Geillier,1994-03-21,sgeillier4c@google.ca,415-359-8858,1439
Kath,Brun,1964-05-23,kbrun4d@prnewswire.com,784-884-9945,1280
Dickie,Backshall,1991-08-19,dbackshall4e@behance.net,877-788-2622,1126
Malvin,Frapwell,1959-08-17,mfrapwell4f@timesonline.co.uk,653-308-8248,1261
Mia,Corbin,1976-01-20,mcorbin4g@blogtalkradio.com,452-740-6482,1058
Bellanca,Gobat,1956-02-26,bgobat4h@sakura.ne.jp,675-781-4864,1638
Christy,Fleote,1987-01-02,cfleote4i@samsung.com,982-470-1216,1338
Giraud,Fowles,1956-11-27,gfowles4j@cbsnews.com,461-466-6858,1
Ana,Cansfield,1975-05-18,acansfield4k@aol.com,557-582-2562,1
Ezekiel,Darke,1963-03-07,edarke4l@bigcartel.com,608-162-7860,1065
Amalea,Cantrill,1954-03-20,acantrill4m@123-reg.co.uk,400-289-4107,1450
Anetta,Herreros,1969-07-12,aherreros4n@hostgator.com,645-193-7264,1951
Elsworth,Hanstock,1956-07-26,ehanstock4o@list-manage.com,195-216-5533,1029
Nicole,Atling,1992-05-10,natling4p@flavors.me,829-255-4918,1075
Marley,Thorndale,1996-05-30,mthorndale4q@jigsy.com,849-890-2719,1996
Stacee,Box,1968-02-01,sbox4r@howstuffworks.com,196-594-2557,1641
Julius,Whitsun,1973-11-29,jwhitsun4s@icio.us,505-237-9483,1855
Esra,Kapiloff,2004-05-01,ekapiloff4t@vk.com,155-146-3529,1372
Raf,Whardley,1977-08-06,rwhardley4u@hostgator.com,127-188-7956,1834
Noni,Aikman,1972-05-24,naikman4v@dailymotion.com,653-528-1707,1615
Hamel,McGebenay,1976-12-09,hmcgebenay4w@bigcartel.com,931-801-9545,1189
Jobie,Ilyukhov,1964-09-09,jilyukhov4x@elpais.com,353-896-6334,1372
Wait,Fulbrook,1996-02-09,wfulbrook4y@squarespace.com,753-284-2551,1191
Caleb,Amber,1996-11-06,camber4z@cnet.com,595-858-1881,1723
Tristan,Olner,1953-07-30,tolner50@ask.com,868-926-5870,1498
Larisa,Wadesworth,1980-01-31,lwadesworth51@merriam-webster.com,349-700-9204,1864
Iver,Ackrill,2000-04-29,iackrill52@about.me,443-702-8894,1620
Baily,Petticrow,1959-06-20,bpetticrow53@amazon.com,346-671-7347,1989
Cele,Melliard,1952-02-25,cmelliard54@about.me,520-694-1354,1406
Farleigh,Ommundsen,1981-04-12,fommundsen55@360.cn,459-555-8228,1248
Morganne,Barehead,1970-06-23,mbarehead56@diigo.com,700-635-8956,1209
Abraham,Connow,1963-02-07,aconnow57@tripadvisor.com,152-845-4657,1626
Darlene,Tirrell,2002-11-28,dtirrell58@istockphoto.com,279-565-3802,1691
Alexander,Pedroli,2004-08-02,apedroli59@cargocollective.com,640-589-5720,1878
Ernie,Kunkel,1984-07-26,ekunkel5a@hubpages.com,896-674-5266,1284
Brit,Eisikovitsh,1992-03-01,beisikovitsh5b@businesswire.com,962-221-4829,1315
Sarajane,Gullivent,1981-09-10,sgullivent5c@eventbrite.com,148-731-4888,1903
Estell,Thurnham,1962-03-28,ethurnham5d@sun.com,545-248-1980,1635
Gaynor,MacCahey,2003-06-24,gmaccahey5e@goo.gl,189-711-1725,1872
Ilka,Pirie,1967-06-17,ipirie5f@oracle.com,835-668-7821,1619
Rich,Huntley,1962-04-20,rhuntley5g@wisc.edu,515-611-8063,1825
Willette,Gilbride,1981-05-03,wgilbride5h@edublogs.org,939-103-5486,1915
Maximilian,Print,1991-05-18,mprint5i@imdb.com,775-816-9493,1467
Brenna,Glasspool,1999-05-11,bglasspool5j@icio.us,651-287-2416,1884
Kesley,Thurstance,1967-02-04,kthurstance5k@joomla.org,582-482-0541,1247
David,Woodford,1975-04-30,dwoodford5l@amazon.de,666-676-8647,1125
Raviv,Denton,1953-10-10,rdenton5m@github.io,574-508-1627,1959
Hadrian,Katzmann,2002-11-22,hkatzmann5n@feedburner.com,495-492-9566,1060
Lenora,Eadmeads,1981-08-10,leadmeads5o@infoseek.co.jp,564-869-5016,1208
Reiko,Jellico,1989-11-18,rjellico5p@statcounter.com,219-662-4516,1318
Lyndsey,Keady,1994-02-03,lkeady5q@purevolume.com,231-617-3194,1895
Mareah,Simmill,2004-01-02,msimmill5r@newyorker.com,893-154-0714,1715
Erhart,Aindriu,1983-03-01,eaindriu5s@wufoo.com,456-634-0222,1175
Seward,Harper,1998-05-21,sharper5t@tumblr.com,241-793-4010,1146
Riobard,Veillard,1980-10-02,rveillard5u@sbwire.com,243-727-1934,1548
Shepherd,Szwarc,1959-10-26,sszwarc5v@google.it,294-407-2391,1726
Barnie,Hulett,1997-09-29,bhulett5w@sciencedaily.com,994-967-2921,1615
Briggs,Sautter,1960-09-28,bsautter5x@nydailynews.com,667-936-8354,1014
Lind,Destouche,2003-03-21,ldestouche5y@uol.com.br,320-212-0985,1897
Con,Fevier,1981-04-30,cfevier5z@comcast.net,129-828-6944,1510
Thayne,Brattan,1954-10-25,tbrattan60@mlb.com,267-181-8004,1555
Una,Cutford,1980-08-26,ucutford61@microsoft.com,160-307-2429,1574
Elvyn,Kamenar,1950-03-21,ekamenar62@lycos.com,545-906-2371,1699
Heather,Kelberman,2002-09-07,hkelberman63@google.co.uk,623-783-2615,1206
Kimberly,Laurenson,1961-07-23,klaurenson64@sitemeter.com,240-770-4061,1195
Hildagard,Fawcitt,1973-03-14,hfawcitt65@icio.us,781-693-6661,1685
Deb,O'Sheilds,1985-03-06,dosheilds66@phoca.cz,254-623-0377,1166
Bernadette,Chester,1993-05-18,bchester67@walmart.com,676-962-1041,1501
Margy,Dami,1967-03-11,mdami68@statcounter.com,612-159-9645,1823
Ulises,Caddy,1998-12-04,ucaddy69@dailymotion.com,304-698-2848,1383
Karlotte,Caught,1998-08-23,kcaught6a@wufoo.com,530-182-9723,1388
Gregory,Paridge,1962-03-01,gparidge6b@house.gov,947-576-1564,1896
Michel,Argo,1981-04-29,margo6c@biblegateway.com,906-350-2907,1858
Willy,Chagg,1986-06-03,wchagg6d@ebay.com,735-687-6474,1491
Loren,Habishaw,1972-09-13,lhabishaw6e@prlog.org,523-445-3990,1604
Benedikt,Clarkin,1977-08-29,bclarkin6f@seesaa.net,793-636-1322,1227
Hall,Terrett,1976-11-23,hterrett6g@cbsnews.com,306-685-5250,1450
Marnie,Thorley,2004-08-29,mthorley6h@ucla.edu,339-456-9736,1616
Nolie,Handscombe,1954-11-30,nhandscombe6i@webeden.co.uk,223-524-8774,1538
Marion,Lere,1981-01-03,mlere6j@ted.com,787-930-3981,1561
Rebekah,Vest,2000-05-10,rvest6k@auda.org.au,693-547-2012,1167
Brittni,Larver,1980-12-21,blarver6l@eventbrite.com,973-409-5762,1737
Minetta,Baughan,1996-11-12,mbaughan6m@webs.com,171-247-4941,1749
Ferdinanda,Hawkridge,1955-08-16,fhawkridge6n@indiegogo.com,960-801-9908,1881
Kelly,Severn,1989-10-12,ksevern6o@jugem.jp,896-469-3887,1376
Logan,Matterdace,1979-06-28,lmatterdace6p@storify.com,758-963-8849,1358
Orella,Yellep,1965-11-28,oyellep6q@godaddy.com,354-228-2236,1380
Humfrid,Pyle,2000-05-14,hpyle6r@redcross.org,647-845-6132,1843
Mill,Docket,1965-11-28,mdocket6s@cdbaby.com,354-824-8810,1324
Kare,Franceschi,1950-09-12,kfranceschi6t@slate.com,996-520-1056,1492
Lula,Stoffel,1950-10-01,lstoffel6u@a8.net,382-536-9524,1954
Stormy,Shambrook,1996-07-15,sshambrook6v@microsoft.com,519-283-4925,1677
Bailie,Goslin,2003-09-29,bgoslin6w@istockphoto.com,340-908-5423,1772
Rutter,Songist,1979-07-16,rsongist6x@jigsy.com,245-141-5214,1031
Patrick,Danels,1972-11-03,pdanels6y@chron.com,315-174-2161,1626
Bliss,Leakner,1959-07-12,bleakner6z@bloglines.com,171-211-5911,1649
Yehudi,Willmer,1954-01-29,ywillmer70@alexa.com,635-211-2099,1411
Willie,Kwietak,2000-02-21,wkwietak71@ucoz.com,932-494-6416,1837
Abelard,Ayer,1964-08-13,aayer72@youtube.com,129-488-3468,1882
Dominique,O'Bradden,1991-07-30,dobradden73@unblog.fr,856-509-5316,1488
Willow,Couve,1998-11-11,wcouve74@google.fr,591-720-6996,1118
Mickie,Pendre,2003-09-14,mpendre75@gravatar.com,600-885-0412,1641
Nollie,Kinde,1988-10-01,nkinde76@sitemeter.com,458-810-4106,1334
Rebeca,Coventry,1958-06-13,rcoventry77@nytimes.com,118-821-1671,1848
Crystie,Smiz,1963-07-12,csmiz78@last.fm,612-256-9855,1556
Imojean,Le Borgne,1978-09-11,ileborgne79@moonfruit.com,515-630-4754,1354
Joycelin,Petraitis,1965-09-01,jpetraitis7a@ifeng.com,700-672-9438,1368
Miltie,Feldbaum,1965-08-05,mfeldbaum7b@alibaba.com,784-142-8615,1778
Marina,Woodburne,1987-01-07,mwoodburne7c@businessweek.com,180-886-4754,1127
Merridie,Benning,1982-03-21,mbenning7d@eepurl.com,909-924-4056,1223
Sarena,MacPhaden,1995-03-22,smacphaden7e@pbs.org,924-819-3925,1700
Cart,Goulstone,2002-03-27,cgoulstone7f@washingtonpost.com,321-704-2294,1543
Jessie,Balmadier,1965-12-23,jbalmadier7g@google.ru,757-710-5014,1471
Elene,Coulthard,1957-02-08,ecoulthard7h@lulu.com,882-407-9836,1546
Grantham,Petroulis,1987-09-27,gpetroulis7i@tmall.com,724-359-6743,1240
Shandy,Gerardin,1969-06-01,sgerardin7j@goo.ne.jp,576-511-0972,1309
Cecil,Coulbeck,1957-08-12,ccoulbeck7k@deviantart.com,432-634-6630,1446
Jolene,O'Neary,1992-10-29,joneary7l@goo.gl,752-888-5346,1189
Holly-anne,Parramore,1986-09-21,hparramore7m@1und1.de,986-799-1072,1235
Minne,De Ruel,1964-02-13,mderuel7n@mapquest.com,989-318-6879,1185
Sophia,Cudbird,1969-09-12,scudbird7o@arizona.edu,350-809-2338,1310
Maitilde,Glasgow,1956-10-22,mglasgow7p@weather.com,352-211-1308,1144
Avril,McMillian,1986-12-08,amcmillian7q@wordpress.org,250-390-5599,1331
Nelson,Trew,2003-08-25,ntrew7r@nydailynews.com,407-172-3699,1434
Quent,Gleasane,1950-03-09,qgleasane7s@ibm.com,120-118-7222,1289
Tremain,Minico,1975-12-31,tminico7t@1688.com,837-860-1050,1115
Dorri,Underdown,1978-10-03,dunderdown7u@reuters.com,570-795-3646,1955
Hiram,Chandlar,1961-03-29,hchandlar7v@weibo.com,791-769-7940,1118
Carmita,Van Saltsberg,1986-07-01,cvansaltsberg7w@delicious.com,826-555-3219,1352
Katya,Monelle,1963-08-01,kmonelle7x@wordpress.org,740-268-1508,1032
Myer,Ashbrook,1998-11-30,mashbrook7y@usnews.com,393-227-7816,1139
Sonia,Batstone,1996-02-06,sbatstone7z@joomla.org,506-673-9163,1238
Aguie,Lightbody,1994-01-14,alightbody80@aboutads.info,834-118-0760,1847
Rosaline,Clixby,1969-11-15,rclixby81@springer.com,808-262-8765,1980
Fan,Shiels,1953-06-20,fshiels82@intel.com,874-241-9922,1842
Pat,Tarbard,2004-05-23,ptarbard83@unc.edu,974-413-8698,1863
Carly,Glasheen,1967-07-02,cglasheen84@discovery.com,271-209-5042,1251
Derron,Desquesnes,1977-02-21,ddesquesnes85@t-online.de,216-604-8560,1892
Christel,Bullas,1951-09-03,cbullas86@ezinearticles.com,364-350-2178,1233
Zahara,Smart,2005-02-27,zsmart87@altervista.org,909-417-4478,1428
Wanda,Casiero,1967-10-14,wcasiero88@yelp.com,355-526-7795,1839
Flin,Lanaway,1971-04-11,flanaway89@house.gov,662-459-2769,1688
Wynn,Accum,1994-06-28,waccum8a@cmu.edu,546-142-1721,1170
Tova,Gildersleeve,1962-06-08,tgildersleeve8b@ustream.tv,882-529-0006,1729
Merna,Naisby,2000-07-23,mnaisby8c@loc.gov,378-317-2953,1881
Cinnamon,Kilcoyne,1984-06-15,ckilcoyne8d@ycombinator.com,724-138-0193,1498
Madalena,Cecere,1985-03-04,mcecere8e@1und1.de,159-199-9297,1799
Gibbie,McVaugh,1997-05-07,gmcvaugh8f@behance.net,417-123-6009,1438
Tamqrah,Weavers,1992-12-04,tweavers8g@fastcompany.com,168-154-1236,1031
Tom,Kleiser,1955-05-22,tkleiser8h@flavors.me,670-156-5805,1233
Harold,Lonnon,1984-09-17,hlonnon8i@mac.com,973-767-6909,1574
Lizzy,McCarlich,1985-11-26,lmccarlich8j@prnewswire.com,881-901-6785,1438
Linell,Nutley,1970-07-22,lnutley8k@canalblog.com,993-838-4657,1319
Ignacius,Phare,1957-07-01,iphare8l@stanford.edu,603-144-1188,1812
Valery,Jiran,1989-10-23,vjiran8m@xing.com,862-184-0906,1856
Northrop,Thornber,1964-07-26,nthornber8n@macromedia.com,167-749-7871,1087
Courtenay,Cutill,1974-11-23,ccutill8o@yahoo.com,118-997-4117,1548
Aili,Eliasen,1997-02-24,aeliasen8p@imageshack.us,965-477-1401,1599
Opaline,Gavriel,1957-08-31,ogavriel8q@ovh.net,767-955-9029,1823
Anderson,Meakes,1956-03-24,ameakes8r@fc2.com,987-415-0524,1800
Sylas,Grombridge,1966-08-22,sgrombridge8s@marketwatch.com,109-665-6559,1330
Roi,Larrie,1999-09-17,rlarrie8t@nsw.gov.au,626-959-3510,1972
Georgie,Hearnden,1996-02-01,ghearnden8u@tamu.edu,374-392-6433,1447
Ruperto,Gillham,1999-07-01,rgillham8v@wunderground.com,646-862-0044,1501
Cacilia,Wenman,1999-07-25,cwenman8w@joomla.org,352-662-3622,1125
Genni,Gauford,1967-04-09,ggauford8x@marketwatch.com,269-974-3365,1563
Alfy,Cotillard,1980-04-06,acotillard8y@privacy.gov.au,610-431-0525,1017
Lexie,Boschmann,1964-09-25,lboschmann8z@chronoengine.com,588-626-6179,1626
Beverlie,Bewfield,1967-01-27,bbewfield90@ca.gov,435-614-5901,1588
Harriott,Duesbury,1983-06-15,hduesbury91@360.cn,786-133-4045,1687
Arabela,Geyton,1978-09-06,ageyton92@hp.com,685-564-4971,1497
Annabela,Arpe,1963-12-06,aarpe93@ask.com,466-133-5085,1514
Mathian,Sweeney,1953-06-27,msweeney94@usatoday.com,391-483-8577,1590
Stephannie,Pedro,1994-04-29,spedro95@nhs.uk,203-730-2181,1571
Isa,Braney,1956-01-13,ibraney96@wordpress.com,819-175-6472,1424
Kaylee,Bewsy,1959-12-13,kbewsy97@hubpages.com,504-757-1783,1848
Maisey,Hurst,1985-02-28,mhurst98@meetup.com,835-924-7590,1918
Teodorico,Byfford,1957-04-21,tbyfford99@cbc.ca,154-788-6083,1805
Shirlene,Olenichev,1981-05-10,solenichev9a@wufoo.com,354-428-6309,1001
Enriqueta,Obert,1973-05-19,eobert9b@constantcontact.com,357-227-1837,1627
Yorgos,MacKilroe,1966-03-13,ymackilroe9c@usa.gov,328-534-7247,1324
Zea,Wattins,2001-11-16,zwattins9d@discuz.net,581-802-7778,1889
Wells,Wiggington,1966-10-03,wwiggington9e@example.com,701-539-7958,1489
Rollins,Lodin,1967-02-16,rlodin9f@nbcnews.com,437-695-5101,1286
Emlyn,Reisin,1978-09-14,ereisin9g@bbb.org,173-588-0687,1527
Maureene,Grieswood,1956-03-12,mgrieswood9h@goodreads.com,127-254-1807,1095
Fania,Martyntsev,1954-12-02,fmartyntsev9i@redcross.org,868-766-6794,1765
Kania,Dufore,2003-04-02,kdufore9j@springer.com,328-446-2406,1223
Carlina,McDonand,1987-05-17,cmcdonand9k@mayoclinic.com,715-404-6515,1249
Marcelia,Lidgate,1988-10-24,mlidgate9l@hugedomains.com,244-223-0563,1112
Natalina,Leacock,1982-09-13,nleacock9m@deliciousdays.com,287-956-0459,1811
Culver,Pugsley,1950-03-03,cpugsley9n@imageshack.us,627-873-2171,1895
Levin,McKeating,1979-04-12,lmckeating9o@cnn.com,291-247-6611,1478
Tyler,Musico,1958-07-30,tmusico9p@cdbaby.com,171-785-8737,1771
Morlee,Iskov,1959-12-24,miskov9q@merriam-webster.com,509-403-4529,1947
Oswald,Repper,2003-05-26,orepper9r@vinaora.com,821-287-5023,1938
Wilden,Damerell,1979-08-22,wdamerell9s@cloudflare.com,643-950-7686,1919
Manfred,Provis,1980-10-05,mprovis9t@addthis.com,577-934-1417,1935
Jase,Gammill,1974-09-08,jgammill9u@alibaba.com,624-461-1045,1551
Jordana,Gavini,1999-09-09,jgavini9v@narod.ru,918-230-9912,1516
Ines,Alessandrucci,1963-12-29,ialessandrucci9w@simplemachines.org,263-534-1447,1100
Leshia,Sherborn,2003-01-25,lsherborn9x@sohu.com,445-235-1342,1849
Garnette,Coulbeck,1973-10-14,gcoulbeck9y@cam.ac.uk,764-545-2830,1455
Aarika,Spottiswoode,1991-01-10,aspottiswoode9z@cocolog-nifty.com,473-849-5588,1300
Marsha,Renney,1983-05-10,mrenneya0@amazon.de,846-668-9441,1880
Wyndham,Brothwood,1965-09-07,wbrothwooda1@ebay.co.uk,416-103-9582,1457
Chrissie,Rushbrooke,1957-09-22,crushbrookea2@netscape.com,410-298-3683,1720
Bailey,Dunbavin,1954-12-22,bdunbavina3@house.gov,392-143-0237,1306
Jarad,Havill,1967-04-18,jhavilla4@fda.gov,146-436-5963,1832
Matthias,Charleston,1973-12-30,mcharlestona5@behance.net,131-388-7120,1642
Baxter,Crolly,1993-10-15,bcrollya6@nbcnews.com,319-811-9094,1467
Simona,Ledstone,1964-05-21,sledstonea7@slideshare.net,312-492-3637,1662
Michael,Squeers,1986-12-24,msqueersa8@ucoz.com,758-591-5968,1799
Courtney,Leaton,1978-04-02,cleatona9@alexa.com,417-270-9765,1240
Megen,Persitt,1958-04-15,mpersittaa@tumblr.com,990-774-4840,1689
Bailie,Klein,1976-09-14,bkleinab@unblog.fr,610-414-0167,1352
Nanete,Hendonson,1954-10-22,nhendonsonac@pen.io,390-156-1954,1605
Bee,Giocannoni,1974-02-10,bgiocannoniad@yellowbook.com,926-911-6713,1247
Glyn,Cunrado,1956-09-23,gcunradoae@qq.com,976-277-5022,1725
Kristofor,Sarfat,1974-06-07,ksarfataf@psu.edu,382-710-8605,1260
Lacie,Croker,1954-12-20,lcrokerag@sitemeter.com,918-227-6335,1849
Elia,Monson,1954-05-06,emonsonah@google.es,471-918-5908,1271
Chery,Catcherside,1980-11-16,ccatchersideai@europa.eu,972-516-2640,1700
Lothario,Smythin,1988-09-17,lsmythinaj@a8.net,341-448-3814,1870
Zola,Alred,1979-01-11,zalredak@printfriendly.com,340-872-0537,1922
Roderigo,Nind,1985-11-18,rnindal@histats.com,416-514-4147,1826
Ottilie,Pittway,1961-03-15,opittwayam@slideshare.net,191-475-9342,1056
Angelo,Gutcher,1996-03-26,agutcheran@about.com,891-213-7245,1552
Martha,Knyvett,1951-10-22,mknyvettao@pcworld.com,573-822-2844,1438
Manny,Virgoe,1997-03-25,mvirgoeap@upenn.edu,230-497-1461,1905
Sabina,Jiranek,1963-12-04,sjiranekaq@cyberchimps.com,568-175-3365,1803
Cherilyn,Eastope,1994-07-17,ceastopear@rakuten.co.jp,564-691-4428,1844
Vanessa,Strippling,1961-09-14,vstripplingas@bbb.org,112-540-8099,1018
Brande,Bolin,1972-06-24,bbolinat@shareasale.com,213-566-4652,1750
Tulley,Olliffe,1962-11-11,tolliffeau@fema.gov,285-202-8073,1712
Deeanne,Penton,1985-07-13,dpentonav@bing.com,186-422-0414,1562
Guilbert,McMillam,1977-09-14,gmcmillamaw@163.com,824-980-5059,1397
Alta,Fountian,1984-03-01,afountianax@reference.com,508-130-2528,1033
Margo,Castaneda,1965-08-17,mcastanedaay@printfriendly.com,209-998-0502,1156
Hedwig,Gynni,1982-01-06,hgynniaz@4shared.com,851-781-7668,1092
Wilmer,Simister,1993-06-20,wsimisterb0@bloglines.com,287-472-8019,1688
Hill,Gregore,1963-04-24,hgregoreb1@google.cn,684-944-6243,1986
Jewel,Boustred,1977-08-20,jboustredb2@scientificamerican.com,969-459-1659,1478
Nathanial,Collerd,1982-06-01,ncollerdb3@gnu.org,323-967-1471,1589
Kessiah,Dibnah,1987-06-24,kdibnahb4@amazonaws.com,311-838-1002,1866
Mayer,Dittson,1957-04-08,mdittsonb5@nasa.gov,210-383-8648,1073
Kalie,Kehri,1951-01-21,kkehrib6@aboutads.info,109-997-4563,1671
Caron,Sibson,1968-12-19,csibsonb7@webmd.com,913-136-1572,1907
Waylan,Moyers,1981-04-11,wmoyersb8@apache.org,729-987-0449,1080
Daphna,Font,1994-10-18,dfontb9@ask.com,688-947-5313,1086
Ranna,Grason,1965-07-09,rgrasonba@fema.gov,773-489-6897,1024
Alane,Hardey,1972-08-07,ahardeybb@ftc.gov,847-983-2914,1741
Catherine,Gaunter,1966-06-02,cgaunterbc@hugedomains.com,771-265-9473,1433
Calla,Fruchon,1957-09-04,cfruchonbd@infoseek.co.jp,204-482-0935,1568
Zelda,Lithcow,1994-12-28,zlithcowbe@qq.com,505-119-9791,1942
Wash,Oddboy,1956-06-20,woddboybf@archive.org,429-186-7540,1559
Jaquenette,Cobson,1963-11-29,jcobsonbg@sitemeter.com,228-516-1067,1905
Ashley,Olliffe,1960-07-10,aolliffebh@jugem.jp,634-832-2461,1717
Tabbi,Vedyasov,1952-05-01,tvedyasovbi@wiley.com,451-433-3829,1694
Gerda,Janus,1971-07-23,gjanusbj@photobucket.com,615-550-9409,1101
Crissy,Spoole,1951-07-24,cspoolebk@hatena.ne.jp,201-652-0173,1948
Dania,McCarlie,1983-06-08,dmccarliebl@pinterest.com,270-512-7197,1309
Carolyne,Beaze,1978-11-17,cbeazebm@google.ru,384-912-3284,1696
Egor,Lawrie,2000-04-19,elawriebn@netvibes.com,962-978-8614,1844
Helena,Allawy,1959-09-27,hallawybo@lulu.com,255-740-1562,1552
Yvonne,Stoneley,1978-09-05,ystoneleybp@patch.com,674-768-3224,1755
Candi,Spelman,1964-07-25,cspelmanbq@eepurl.com,704-161-7786,1721
Mata,Siddon,1986-11-30,msiddonbr@dedecms.com,957-697-9714,1678
Dillon,Meikle,1969-05-10,dmeiklebs@apache.org,758-220-9987,1880
Deeyn,O'Crigane,1978-10-24,docriganebt@soup.io,392-488-5464,1107
Tonie,Lead,1973-04-15,tleadbu@msn.com,426-163-3177,1053
Barty,Couldwell,1957-04-26,bcouldwellbv@wordpress.com,616-218-4685,1129
Betta,Dickerline,1993-12-10,bdickerlinebw@foxnews.com,651-430-1556,1235
Jonis,Dundon,2002-09-18,jdundonbx@hostgator.com,898-358-6296,1637
Hetty,Stonary,2003-11-23,hstonaryby@bbb.org,147-960-4153,1102
Shirline,Dowzell,1961-12-16,sdowzellbz@berkeley.edu,783-265-2865,1965
Innis,Grigoire,1962-11-21,igrigoirec0@exblog.jp,120-462-8854,1825
Kalila,Samuels,1998-03-25,ksamuelsc1@abc.net.au,812-211-9653,1862
Goran,Oleksiak,1973-11-10,goleksiakc2@simplemachines.org,404-321-9036,1230
Vere,Lawrance,1993-02-24,vlawrancec3@earthlink.net,286-560-1385,1730
Joeann,Giacubbo,1958-12-10,jgiacubboc4@theglobeandmail.com,460-883-4907,1875
Anderea,Buscombe,1963-01-16,abuscombec5@rediff.com,839-249-4822,1783
Toni,Charle,2000-03-27,tcharlec6@prlog.org,385-880-4431,1269
Zorah,Ovenden,2000-04-29,zovendenc7@google.com.hk,426-980-8965,1018
Olvan,Abbet,2003-01-01,oabbetc8@oaic.gov.au,527-528-5134,1850
Reynard,Pinar,1964-03-07,rpinarc9@cdbaby.com,652-125-6225,1296
Ignace,Popple,1963-04-17,ipoppleca@washington.edu,282-514-4993,1332
Albrecht,Killby,1952-03-31,akillbycb@tamu.edu,672-290-1717,1053
Davine,Allanson,1979-12-17,dallansoncc@mac.com,865-997-0769,1776
Simonne,Simison,1988-07-22,ssimisoncd@kickstarter.com,287-387-9136,1952
Ricky,Hulmes,1981-12-13,rhulmesce@theguardian.com,559-754-0347,1460
Arturo,Dalmon,2003-02-28,adalmoncf@fda.gov,384-301-6460,1948
Quinlan,Riddick,1959-11-28,qriddickcg@tripadvisor.com,358-977-5605,1725
Amata,Gozard,1961-05-12,agozardch@dyndns.org,944-323-3250,1586
Dalli,Giblin,1951-02-12,dgiblinci@cisco.com,329-254-8930,1074
Jobye,Admans,1956-01-16,jadmanscj@bluehost.com,854-596-3378,1096
Davine,Luscombe,1955-10-16,dluscombeck@google.es,966-351-9180,1288
Davey,Dawdary,1993-04-11,ddawdarycl@google.ru,134-273-7470,1194
Julietta,Thompson,1976-08-06,jthompsoncm@walmart.com,850-473-7903,1874
Elicia,Lantaff,1971-01-21,elantaffcn@tumblr.com,693-464-3166,1963
Scotti,Spuner,1966-07-25,sspunerco@dropbox.com,560-272-8904,1542
Eadith,Pedron,1975-04-22,epedroncp@godaddy.com,427-780-6792,1913
Reamonn,Tuttiett,1999-07-09,rtuttiettcq@artisteer.com,855-741-9873,1542
Nikolas,Campbell,1979-12-23,ncampbellcr@senate.gov,845-931-7122,1270
Nancie,Nehls,1966-12-15,nnehlscs@japanpost.jp,496-869-3818,1842
Jeanna,McFie,1976-11-04,jmcfiect@imageshack.us,471-529-1698,1403
Carmita,Sharplin,1965-02-26,csharplincu@hao123.com,347-827-3186,1249
Saleem,Cammis,1969-11-26,scammiscv@simplemachines.org,992-243-9636,1889
Erin,Ox,1984-07-23,eoxcw@mapy.cz,362-725-8202,1475
Jackie,Blaschek,1980-12-05,jblaschekcx@google.ca,609-881-3023,1595
Aggy,Ritmeier,1993-08-24,aritmeiercy@about.me,566-826-5346,1299
Ervin,Witterick,1985-07-22,ewitterickcz@flickr.com,907-596-7725,1217
Laurence,Carrington,2002-02-06,lcarringtond0@businesswire.com,275-980-0121,1020
Yuri,Manton,1995-06-01,ymantond1@devhub.com,872-230-0637,1042
Pasquale,Philipp,1995-08-10,pphilippd2@state.gov,253-621-4276,1757
Jamal,Parcall,1990-03-22,jparcalld3@1688.com,522-616-7413,1572
Emelina,Gillean,1981-02-12,egilleand4@discovery.com,606-505-3563,1890
Geoffrey,Amott,1962-08-22,gamottd5@de.vu,890-165-4155,1456
Salomi,Breddy,1962-09-19,sbreddyd6@usatoday.com,158-815-2208,1045
Conroy,Longmire,1982-06-17,clongmired7@diigo.com,728-291-5484,1608
Christin,Jakov,1995-01-10,cjakovd8@odnoklassniki.ru,416-110-9190,1956
Alisander,Maylour,1970-09-23,amaylourd9@unicef.org,873-168-1805,1274
Jerrilyn,Gini,1968-08-10,jginida@shinystat.com,952-249-5552,1020
Granville,Langham,1994-08-23,glanghamdb@joomla.org,574-279-6743,1552
Maynard,Pulster,1958-05-27,mpulsterdc@ihg.com,844-359-9692,1057
Shawnee,Phinnis,1974-05-16,sphinnisdd@stanford.edu,302-359-6142,1646
Clare,Dargue,1954-09-29,cdarguede@sun.com,950-179-4979,1744
Genia,Mather,1963-09-29,gmatherdf@apache.org,233-608-4618,1002
Martin,Godby,1975-01-24,mgodbydg@bloglines.com,770-786-2052,1950
Paxon,Godon,1993-12-03,pgodondh@macromedia.com,613-803-2580,1306
Adena,Fanthome,1964-08-26,afanthomedi@fema.gov,937-338-0954,1224
Randa,Rumsby,1992-06-04,rrumsbydj@mysql.com,846-599-9949,1627
Gradeigh,Kretchmer,1954-06-13,gkretchmerdk@goodreads.com,360-547-5332,1336
Donnie,Aasaf,1977-10-13,daasafdl@usda.gov,964-390-8323,1165
Free,Mathou,1972-07-24,fmathoudm@flickr.com,393-434-6936,1387
Horace,Gittings,1950-03-01,hgittingsdn@ow.ly,523-441-4525,1053
Mona,Odger,1952-08-02,modgerdo@springer.com,247-983-3163,1482
Grove,Paler,1960-10-07,gpalerdp@example.com,214-340-5137,1792
Henriette,Orht,1972-01-20,horhtdq@kickstarter.com,479-439-9354,1201
De witt,Dally,1956-08-16,ddallydr@sbwire.com,467-100-3335,1571
Amalita,Placidi,1969-02-26,aplacidids@freewebs.com,709-970-0881,1645
Steffen,Kingsman,1961-07-15,skingsmandt@blogtalkradio.com,727-905-4826,1291
Robyn,MacGorley,1966-03-25,rmacgorleydu@state.gov,622-441-1726,1145
Miguela,Samways,1985-07-22,msamwaysdv@over-blog.com,526-865-3448,1606
Aldon,Vuitton,1956-03-29,avuittondw@columbia.edu,173-381-8402,1889
Tedra,Berridge,1988-03-07,tberridgedx@webnode.com,608-281-5273,1252
Holly,Dibdall,1963-10-22,hdibdalldy@hp.com,979-536-1250,1472
Lexis,Jelk,1950-05-28,ljelkdz@amazon.co.jp,373-470-1167,1901
Hulda,Haglington,1997-08-08,hhaglingtone0@mediafire.com,404-941-2646,1934
Dawn,Mullaney,1971-03-19,dmullaneye1@lycos.com,899-491-6407,1186
Kay,Druhan,2000-02-13,kdruhane2@yellowpages.com,271-899-2059,1524
Morganica,Brittle,1990-04-04,mbrittlee3@patch.com,519-316-6823,1274
Duane,Skpsey,1963-02-10,dskpseye4@jimdo.com,673-169-8530,1252
Cleopatra,Younghusband,1998-08-27,cyounghusbande5@cargocollective.com,252-585-7721,1827
Lionel,Saines,1993-09-20,lsainese6@msn.com,999-123-8128,1501
Cynde,Pietron,1974-09-04,cpietrone7@nytimes.com,542-900-1143,1248
Clementina,Lockton,1977-06-01,clocktone8@cnet.com,704-712-7208,1377
Gerardo,Southwick,2004-02-07,gsouthwicke9@cornell.edu,343-979-1589,1624
Valentijn,Cockshoot,1984-01-02,vcockshootea@washingtonpost.com,685-258-8086,1554
Zoe,Gribble,1973-04-26,zgribbleeb@dailymail.co.uk,502-709-2048,1917
Wallas,Court,1962-02-27,wcourtec@tripod.com,323-624-6096,1280
Bertha,Danton,1982-01-04,bdantoned@ibm.com,778-401-7979,1823
Adore,Boston,2003-09-30,abostonee@netvibes.com,993-118-7780,1819
Paule,Folan,1984-06-07,pfolanef@about.com,485-550-7385,1249
Annissa,Krystek,2000-01-29,akrystekeg@wix.com,286-108-4825,1817
Frankie,Gateman,1958-01-15,fgatemaneh@etsy.com,113-502-8016,1706
Kevon,Spohr,1985-12-13,kspohrei@dyndns.org,951-729-7020,1034
Courtney,Admans,1959-12-27,cadmansej@alexa.com,924-529-7797,1173
Cathrin,Craigheid,1956-07-05,ccraigheidek@vinaora.com,118-312-9344,1211
Kizzee,Smullin,1984-09-25,ksmullinel@free.fr,115-887-4233,1304
Dalton,De la Zenne,1986-09-11,ddelazenneem@comsenz.com,709-849-7568,1774
Neila,Camelli,1960-02-01,ncamellien@bing.com,180-863-4302,1290
Melany,Hubbuck,1950-05-18,mhubbuckeo@desdev.cn,858-541-1923,1661
Dannie,Prujean,1963-12-07,dprujeanep@nymag.com,281-851-7314,1983
Sande,Rochester,1962-03-13,srochestereq@tiny.cc,756-539-5351,1823
Porter,Edwins,1966-02-27,pedwinser@census.gov,755-606-3249,1720
Art,Fulop,1976-10-16,afulopes@altervista.org,744-758-8897,1529
Atlanta,Rentz,1976-05-18,arentzet@twitter.com,883-712-6180,1132
Paige,Clausius,1985-03-07,pclausiuseu@biglobe.ne.jp,334-729-6126,1078
Carey,Tolotti,1970-03-28,ctolottiev@squarespace.com,601-487-2400,1790
Retha,Cabbell,1993-04-12,rcabbellew@ow.ly,744-279-0972,1467
Gaston,Rawlins,1951-05-24,grawlinsex@cisco.com,714-900-5605,1306
Conny,De Simone,1998-03-28,cdesimoneey@ucsd.edu,661-945-1971,1515
Garfield,Mellers,1972-12-09,gmellersez@npr.org,170-895-4628,1721
Dunstan,Berryann,1985-09-09,dberryannf0@stumbleupon.com,328-815-3694,1101
Carly,Popeley,1969-12-12,cpopeleyf1@aboutads.info,898-193-3616,1678
Jermain,Furze,1984-09-05,jfurzef2@guardian.co.uk,692-100-6095,1218
Norina,Duplain,1967-08-05,nduplainf3@wordpress.org,642-173-0128,1179
Bobina,Robak,1962-09-05,brobakf4@army.mil,565-309-5916,1682
Antoinette,Mulvany,1964-07-13,amulvanyf5@dmoz.org,608-560-0207,1416
Witty,Lukash,1999-03-12,wlukashf6@reddit.com,384-991-5674,1883
Sally,Stair,1978-08-14,sstairf7@amazon.de,843-775-3633,1820
Betsy,Quarterman,1994-04-10,bquartermanf8@narod.ru,518-666-7900,1451
Harriette,Coch,1974-10-28,hcochf9@bbb.org,721-989-2344,1409
Lorain,Klausewitz,1972-08-27,lklausewitzfa@comsenz.com,659-432-0875,1083
Dalston,Sayburn,1989-02-23,dsayburnfb@sciencedaily.com,755-238-1403,1193
Sigrid,Ritmeyer,1973-02-27,sritmeyerfc@photobucket.com,274-316-8938,1524
Gauthier,Gertz,1971-01-20,ggertzfd@123-reg.co.uk,606-665-4143,1353
Valli,Broscombe,1975-10-16,vbroscombefe@forbes.com,119-892-2059,1689
Veronique,Mingard,1982-09-25,vmingardff@yellowpages.com,385-387-8880,1374
Koenraad,Christoforou,1998-03-09,kchristoforoufg@ucla.edu,371-335-8811,1332
Lin,Ilewicz,1963-11-05,lilewiczfh@barnesandnoble.com,221-266-8552,1015
Jule,Ziems,1985-12-15,jziemsfi@edublogs.org,229-392-3029,1134
Mick,Benasik,1988-08-13,mbenasikfj@ucoz.ru,454-509-7807,1279
Milissent,Glazzard,1954-01-05,mglazzardfk@webs.com,502-683-9568,1174
Rafaello,Ruzicka,1965-07-11,rruzickafl@whitehouse.gov,821-655-4768,1268
Jordan,Woollhead,1987-01-27,jwoollheadfm@cafepress.com,181-114-4716,1630
Eward,Tohill,1953-11-14,etohillfn@yolasite.com,293-102-5443,1650
Amalee,Pavett,1997-12-20,apavettfo@answers.com,279-561-5384,1320
Thomasine,McEvilly,1993-10-26,tmcevillyfp@nih.gov,246-438-8112,1245
Lanny,Manntschke,1974-07-01,lmanntschkefq@fc2.com,239-169-9580,1721
Chad,Van Weedenburg,1958-01-22,cvanweedenburgfr@nbcnews.com,533-432-0004,1562
Latashia,Outridge,1980-05-21,loutridgefs@4shared.com,498-632-2414,1181
Sarge,Giggie,1985-10-04,sgiggieft@toplist.cz,882-933-8909,1691
Luci,Lingner,1989-05-25,llingnerfu@drupal.org,448-413-8407,1198
Cosmo,Bayns,1963-09-30,cbaynsfv@ocn.ne.jp,551-253-4392,1446
Zacharia,Moresby,1953-01-26,zmoresbyfw@vk.com,838-286-9188,1970
Rhett,Coultas,1987-12-29,rcoultasfx@infoseek.co.jp,584-822-2697,1749
Georgianna,Corker,1989-08-05,gcorkerfy@yandex.ru,811-406-7436,1548
Ashly,Pickring,1982-09-29,apickringfz@guardian.co.uk,685-637-0323,1196
Claus,Ellicombe,2003-02-02,cellicombeg0@elegantthemes.com,317-258-1475,1945
Wilie,Mulvagh,1999-02-16,wmulvaghg1@youtu.be,950-422-4851,1936
David,Tonks,1956-09-01,dtonksg2@independent.co.uk,251-476-5788,1245
Shirley,Beard,1955-12-15,sbeardg3@squarespace.com,804-754-8490,1007
Nananne,Murty,2000-02-04,nmurtyg4@timesonline.co.uk,601-133-0199,1118
Charlie,Spurriar,1990-04-10,cspurriarg5@purevolume.com,805-919-5499,1682
Lissy,Dufer,1989-12-04,lduferg6@topsy.com,307-273-4600,1060
Kizzee,Tellett,1960-04-25,ktellettg7@tumblr.com,555-351-6022,1504
Gus,Moorton,1993-04-04,gmoortong8@unicef.org,426-218-8860,1180
Alysia,Longstreeth,1958-09-05,alongstreethg9@statcounter.com,343-988-7166,1568
Rickey,Gater,1983-09-30,rgaterga@4shared.com,974-662-1981,1844
Elwin,Attrill,1976-09-12,eattrillgb@usa.gov,648-849-9303,1286
Lorne,Burkhill,1956-12-13,lburkhillgc@woothemes.com,715-319-1389,1877
Bernie,Dorwood,1950-03-16,bdorwoodgd@twitter.com,558-330-3370,1340
Nesta,Bissex,1968-06-30,nbissexge@house.gov,463-687-6190,1816
Daisey,Pickburn,1996-05-30,dpickburngf@cocolog-nifty.com,977-407-7604,1698
Noelle,Colvine,2000-02-12,ncolvinegg@biglobe.ne.jp,965-511-2907,1750
Whitney,Halkyard,1958-05-14,whalkyardgh@amazon.com,771-741-4543,1336
Grantley,Crosskill,1955-11-07,gcrosskillgi@fc2.com,675-974-8721,1490
Isabelita,Benn,2004-02-18,ibenngj@mayoclinic.com,865-766-0576,1779
Darrin,Brezlaw,1986-08-20,dbrezlawgk@google.ru,423-513-5574,1709
Althea,Lean,1958-04-09,aleangl@adobe.com,272-512-5986,1564
Filberte,Doumer,1950-10-06,fdoumergm@squidoo.com,962-489-0814,1246
Gustav,Oag,1967-04-03,goaggn@freewebs.com,980-412-9563,1778
Christan,Rhule,1950-06-26,crhulego@amazon.com,876-142-0920,1511
Freddie,Stockow,1975-12-29,fstockowgp@joomla.org,139-436-8565,1639
Bowie,Lafranconi,1958-12-01,blafranconigq@cornell.edu,639-272-4768,1194
Adeline,Simpkin,2001-01-01,asimpkingr@stumbleupon.com,531-111-9618,1899
Emmy,Semple,1996-08-02,esemplegs@theglobeandmail.com,139-186-8057,1191
Virgie,Morson,1999-08-13,vmorsongt@dion.ne.jp,755-460-5244,1516
Milton,Bailes,1967-02-01,mbailesgu@virginia.edu,496-831-1420,1496
Shelia,Braine,1956-08-16,sbrainegv@slashdot.org,512-976-6811,1313
Mireille,Adolfson,1957-03-17,madolfsongw@google.ca,829-215-5467,1936
Jefferson,Langer,1993-09-22,jlangergx@blogspot.com,315-681-7157,1826
Yalonda,Coll,1961-03-18,ycollgy@scientificamerican.com,917-159-8261,1566
Annabella,Cassar,1964-09-24,acassargz@drupal.org,215-316-2048,1406
Silvan,Doorbar,1986-07-24,sdoorbarh0@nhs.uk,282-172-2013,1555
Ricoriki,Lewsy,1989-09-28,rlewsyh1@google.co.uk,208-586-5610,1207
Bink,Roxburch,1973-01-08,broxburchh2@amazon.de,499-729-9465,1181
Delmer,Chipperfield,1999-12-23,dchipperfieldh3@princeton.edu,379-642-0253,1870
Fawn,Toffalo,1983-09-22,ftoffaloh4@1und1.de,406-217-5853,1057
Caryl,Malia,1991-04-11,cmaliah5@state.gov,935-645-4379,1942
Tobe,Lampett,1983-11-23,tlampetth6@sbwire.com,205-135-6898,1273
Marrissa,Trowsdall,1953-01-06,mtrowsdallh7@joomla.org,671-631-6424,1117
Madelon,Donald,2001-01-29,mdonaldh8@ask.com,263-416-7317,1499
Flossie,Beat,1985-05-22,fbeath9@about.com,213-470-9307,1405
Worthy,Jenman,1991-12-01,wjenmanha@flickr.com,441-666-4032,1861
Milty,Bridgman,1998-09-28,mbridgmanhb@privacy.gov.au,303-870-7574,1518
Kasey,Temby,1951-12-06,ktembyhc@nasa.gov,161-329-7165,1075
Leann,Wedmore.,1973-02-01,lwedmorehd@weebly.com,710-961-3610,1767
Marchelle,Van Salzberger,1950-09-05,mvansalzbergerhe@gmpg.org,831-967-1051,1732
Randie,Goldsbury,2004-07-11,rgoldsburyhf@unc.edu,945-347-9802,1922
Arch,Hoonahan,1963-04-21,ahoonahanhg@indiatimes.com,385-158-7005,1935
Sofie,Beeton,1957-08-31,sbeetonhh@spiegel.de,810-546-9070,1207
Stanfield,Phinn,1962-11-07,sphinnhi@hao123.com,463-473-2042,1338
Con,Ellaway,1986-04-20,cellawayhj@diigo.com,556-436-9779,1440
Kissee,Goly,1954-07-25,kgolyhk@irs.gov,118-877-8797,1461
Sofia,Spain,1984-08-18,sspainhl@example.com,319-657-4211,1613
Vevay,Worledge,1967-11-09,vworledgehm@prlog.org,880-764-0185,1863
Quintilla,Wilden,1954-07-28,qwildenhn@moonfruit.com,810-150-5677,1997
Phyllys,Feben,1972-09-21,pfebenho@senate.gov,596-517-6655,1936
Eugen,Aslie,1959-02-07,easliehp@squidoo.com,727-533-2851,1009
Algernon,Oswick,1998-01-26,aoswickhq@army.mil,316-600-5447,1918
Zerk,Dionsetto,1992-04-20,zdionsettohr@cornell.edu,537-640-8432,1234
Rene,Whitwell,1989-09-04,rwhitwellhs@webeden.co.uk,816-399-6753,1393
Tonya,Cleobury,2001-06-07,tcleoburyht@go.com,379-358-8026,1100
Francisco,Elgie,1990-03-08,felgiehu@zdnet.com,942-415-2897,1349
Monti,Casier,1981-10-30,mcasierhv@github.io,509-354-4746,1270
Preston,Vernon,1973-07-09,pvernonhw@paypal.com,809-129-0335,1338
Reinwald,Hoodlass,1971-07-05,rhoodlasshx@sitemeter.com,998-908-8030,1063
Cheryl,Garaway,1998-11-13,cgarawayhy@miitbeian.gov.cn,340-691-7388,1979
Bealle,Orteaux,1978-09-27,borteauxhz@archive.org,621-438-3059,1701
Emmalynne,Calleja,1975-11-20,ecallejai0@google.pl,748-298-7111,1715
Berkley,Fessby,1956-07-09,bfessbyi1@unicef.org,591-992-2910,1538
Auguste,Cleever,1989-09-14,acleeveri2@forbes.com,423-349-8453,1826
Pascale,Cassels,1953-12-16,pcasselsi3@a8.net,942-518-5426,1129
Mil,Fedynski,1969-10-15,mfedynskii4@telegraph.co.uk,478-940-9487,1419
Eduardo,Glendenning,2000-12-31,eglendenningi5@paypal.com,366-390-9572,1540
Oswald,Daunter,1984-11-27,odaunteri6@uol.com.br,163-617-9070,1112
Salome,Bread,1981-06-01,sbreadi7@naver.com,900-819-9905,1001
Lonnard,Gowans,1991-03-11,lgowansi8@angelfire.com,383-986-3675,1865
Dorree,Cardno,1985-12-02,dcardnoi9@printfriendly.com,209-360-8837,1253
Jarib,Cromwell,1978-03-21,jcromwellia@joomla.org,610-289-7484,1996
Hermy,Emes,1985-09-28,hemesib@so-net.ne.jp,582-905-5403,1525
Jessie,Blackall,1973-05-19,jblackallic@mit.edu,513-229-2662,1105
John,Worton,1991-09-23,jwortonid@toplist.cz,460-744-0310,1167
Gerry,Scoggan,1989-11-16,gscogganie@e-recht24.de,531-631-5405,1475
Rhodia,Gatheridge,1994-10-24,rgatheridgeif@storify.com,186-507-8112,1703
Theresina,Hutson,1979-10-03,thutsonig@biglobe.ne.jp,717-142-5001,1517
Brig,Lavens,1974-02-23,blavensih@flickr.com,722-605-3808,1450
Ronny,Blanque,2000-01-14,rblanqueii@jimdo.com,298-657-8273,1021
Jacinthe,Load,1985-12-04,jloadij@ehow.com,272-335-4955,1485
Taber,Fairclough,1998-07-11,tfaircloughik@reuters.com,419-489-3298,1315
Shirlee,Wingfield,1984-12-18,swingfieldil@japanpost.jp,255-229-5586,1588
Marlyn,Candy,1992-08-30,mcandyim@hao123.com,651-714-5010,1489
Brittney,Longhirst,1969-05-18,blonghirstin@arstechnica.com,233-652-7898,1973
Myriam,Tams,1992-07-18,mtamsio@wunderground.com,565-389-6851,1187
Adrienne,Blabey,1978-04-21,ablabeyip@vinaora.com,149-886-6276,1046
Chandler,Baiyle,1995-06-24,cbaiyleiq@vkontakte.ru,785-642-5611,1056
Onofredo,Leetham,1953-07-26,oleethamir@dailymail.co.uk,978-312-5975,1533
Jess,D'Abbot-Doyle,1963-10-05,jdabbotdoyleis@sina.com.cn,990-370-2093,1064
Araldo,Blacklock,1985-09-23,ablacklockit@wikipedia.org,678-798-9864,1529
Myron,Melloi,1952-05-01,mmelloiiu@woothemes.com,852-473-9972,1112
Ame,McGookin,1969-11-03,amcgookiniv@army.mil,861-953-1589,1456
Kienan,O'Bradain,1983-03-18,kobradainiw@mozilla.com,381-514-0525,1375
Rivalee,Gaffney,1990-11-10,rgaffneyix@marriott.com,120-540-0853,1269
Urbain,Shimman,1987-09-21,ushimmaniy@ebay.com,609-476-7227,1097
Bron,Streight,1961-08-14,bstreightiz@google.com,408-178-9916,1202
Bryan,Worg,1973-12-13,bworgj0@shinystat.com,725-493-6623,1207
Lyndy,Perel,1959-05-17,lperelj1@smh.com.au,869-371-5405,1420
Ingrim,Oxborrow,1987-04-11,ioxborrowj2@blog.com,808-759-6186,1532
Merle,MacCrann,1979-06-03,mmaccrannj3@sciencedaily.com,218-613-9201,1207
Casey,Nickerson,1966-12-03,cnickersonj4@yelp.com,523-177-3887,1378
Earl,Coldicott,1995-02-21,ecoldicottj5@tiny.cc,888-616-1862,1592
Clementina,Kerman,1955-12-06,ckermanj6@meetup.com,861-219-0580,1368
Faunie,Lambden,1991-08-28,flambdenj7@angelfire.com,127-158-9562,1117
Madella,Oade,2003-05-23,moadej8@sphinn.com,164-696-7232,1633
Grier,Backshall,2004-10-04,gbackshallj9@google.es,686-133-2622,1898
Willyt,Yendall,1967-07-01,wyendallja@e-recht24.de,954-311-8925,1547
Marla,Ambrozik,1987-03-27,mambrozikjb@cyberchimps.com,949-489-9055,1715
Celka,Dunrige,2003-07-05,cdunrigejc@slideshare.net,508-509-8301,1712
Brig,Durtnell,1978-10-14,bdurtnelljd@flickr.com,917-345-8219,1486
Natalee,Poulney,1996-07-12,npoulneyje@plala.or.jp,132-342-7226,1816
Isac,Apark,1960-03-05,iaparkjf@dailymotion.com,886-138-3259,1376
Gilberta,Bradberry,1969-03-08,gbradberryjg@woothemes.com,358-963-3019,1749
Marja,Givens,1996-04-24,mgivensjh@gizmodo.com,661-956-1176,1702
Desiree,McGurgan,1990-03-11,dmcgurganji@huffingtonpost.com,158-103-2352,1512
Malinde,Dwelley,1984-05-12,mdwelleyjj@elpais.com,324-352-3747,1708
Marlane,Mayho,1976-09-17,mmayhojk@hao123.com,694-912-2501,1789
Thorpe,Burtwhistle,1970-04-26,tburtwhistlejl@va.gov,723-948-5044,1063
Reade,Bernadzki,1975-04-14,rbernadzkijm@google.co.jp,635-917-8357,1220
Jameson,Van der Linde,1990-09-01,jvanderlindejn@msu.edu,751-511-2142,1650
Abbi,Glencorse,1960-10-26,aglencorsejo@bigcartel.com,850-329-5041,1009
Ermanno,Mudd,1989-03-02,emuddjp@dropbox.com,116-197-7337,1163
Brit,Rampage,1992-07-09,brampagejq@wix.com,701-687-4142,1964
Michal,Penhalurick,1985-08-14,mpenhalurickjr@cisco.com,176-147-1825,1611
Enrique,Brattell,1979-04-12,ebrattelljs@google.com.br,616-660-8542,1847
Blanche,Baybutt,1979-03-11,bbaybuttjt@netlog.com,595-144-4020,1507
Lorrayne,Breckenridge,1968-04-14,lbreckenridgeju@twitpic.com,715-467-1395,1126
Janet,Murch,1977-08-04,jmurchjv@usgs.gov,986-939-6679,1083
Andria,Dottrell,1963-05-17,adottrelljw@pinterest.com,536-806-7671,1659
Reagan,Knobell,1953-04-05,rknobelljx@nydailynews.com,545-962-0804,1818
Forbes,Strete,1953-05-08,fstretejy@google.co.jp,579-327-3499,1407
Chaunce,Durram,1963-09-02,cdurramjz@utexas.edu,537-600-6562,1572
Merci,Matkovic,1977-10-17,mmatkovick0@sohu.com,351-199-4746,1959
Dulci,Heugle,1986-09-24,dheuglek1@mtv.com,948-551-4223,1023
Joletta,Shurlock,1989-09-15,jshurlockk2@apache.org,951-241-7696,1411
Diandra,Cotte,1975-04-23,dcottek3@gravatar.com,455-175-5550,1411
Cayla,Caris,1990-09-21,ccarisk4@youtube.com,196-662-0306,1769
Hammad,Hattigan,1956-03-23,hhattigank5@mac.com,290-133-3873,1307
Sheffield,Pitkeathly,1955-06-23,spitkeathlyk6@blogspot.com,416-462-6464,1950
Theodosia,Stainer,2001-07-04,tstainerk7@trellian.com,669-102-3353,1579
Aurelia,Imesson,1986-08-05,aimessonk8@skyrock.com,542-293-3172,1050
Elfrida,Ramos,1973-11-27,eramosk9@princeton.edu,102-204-6680,1006
Bernete,Zeplin,1995-04-16,bzeplinka@sun.com,477-954-6346,1462
Pembroke,Awdry,2000-12-31,pawdrykb@dyndns.org,604-528-8307,1338
Carma,Yapp,1958-07-03,cyappkc@hugedomains.com,420-940-0377,1402
Roseline,McNeil,1999-06-03,rmcneilkd@arstechnica.com,225-101-3021,1934
Giulietta,Follos,2004-08-03,gfolloske@bbc.co.uk,273-428-7451,1542
Wally,Andrieux,1986-04-26,wandrieuxkf@wordpress.com,770-528-1703,1859
Kelci,Boddy,1978-03-19,kboddykg@biglobe.ne.jp,438-268-3640,1528
Dorey,Henke,1970-06-02,dhenkekh@youku.com,879-145-9354,1539
Engracia,Twittey,1980-06-14,etwitteyki@irs.gov,231-308-1598,1426
Linell,Hanrahan,1952-11-07,lhanrahankj@ycombinator.com,984-279-3786,1948
Neel,Gulland,1968-06-28,ngullandkk@google.co.jp,148-109-0983,1003
Ellsworth,Packwood,1986-08-21,epackwoodkl@wikipedia.org,209-729-7945,1889
Ruby,Burnett,1997-01-25,rburnettkm@blogs.com,505-652-4271,1356
Barbaraanne,Muslim,1979-11-13,bmuslimkn@oaic.gov.au,704-771-9080,1349
Dorthea,Surgen,2002-03-14,dsurgenko@answers.com,875-771-8660,1868
Isabelle,Cops,1981-04-17,icopskp@ebay.co.uk,239-197-3486,1342
Rudolfo,Ludovici,1994-04-05,rludovicikq@tumblr.com,106-883-5789,1405
Erma,Bursnell,1980-05-14,ebursnellkr@mac.com,196-947-8826,1318
Hailee,Cluff,1954-04-04,hcluffks@prlog.org,491-530-3309,1057
Dorothea,Goodlett,1956-06-09,dgoodlettkt@jimdo.com,700-445-8978,1473
Dolorita,Woodburn,2001-11-13,dwoodburnku@howstuffworks.com,971-920-8302,1545
Dedra,Sollis,1993-02-07,dsolliskv@bbb.org,390-322-3219,1916
Gaile,Lobe,1958-03-30,globekw@github.com,746-898-0856,1582
Katina,McQuilty,1956-07-05,kmcquiltykx@yahoo.co.jp,184-877-6736,1548
Maggi,Leyrroyd,1977-01-24,mleyrroydky@jugem.jp,179-361-7231,1456
Athena,Yesipov,1978-11-08,ayesipovkz@google.com.br,572-585-3682,1451
Skipper,Lording,1953-03-08,slordingl0@printfriendly.com,605-373-9552,1720
Currey,Dachs,1969-02-11,cdachsl1@cam.ac.uk,696-824-3534,1067
Elladine,Sandbatch,1959-06-25,esandbatchl2@booking.com,815-480-3147,1726
Beaufort,Croll,1979-04-02,bcrolll3@mysql.com,580-965-4678,1134
Taffy,Rodder,1975-05-23,trodderl4@businessinsider.com,901-519-5835,1784
Gwyneth,Bickerdike,1970-09-15,gbickerdikel5@mashable.com,964-352-2143,1087
Eddi,Knill,1961-01-01,eknilll6@cpanel.net,207-415-0543,1114
Kelly,Diamant,1954-08-15,kdiamantl7@yellowpages.com,429-882-5119,1396
Zacherie,Comiam,1974-12-06,zcomiaml8@mediafire.com,889-683-1186,1716
Merla,McRuvie,1970-06-02,mmcruviel9@google.ca,269-111-9802,1925
Dame,Bartelot,1994-12-06,dbartelotla@biglobe.ne.jp,571-675-8308,1120
Lyndsay,Sawrey,1979-01-27,lsawreylb@shop-pro.jp,127-990-4795,1343
Ursola,Tanslie,1965-08-05,utanslielc@japanpost.jp,699-681-9705,1299
Romona,Maymand,1993-12-13,rmaymandld@alexa.com,387-765-9732,1065
Devan,Winstone,1984-09-11,dwinstonele@icio.us,188-545-6970,1837
Chico,Burgot,1976-04-08,cburgotlf@omniture.com,400-384-9594,1551
Mel,Peters,2003-07-11,mpeterslg@youtu.be,166-379-9231,1593
Emmit,McWaters,1980-06-10,emcwaterslh@nature.com,308-268-3951,1105
Ambros,Gullen,1999-05-13,agullenli@parallels.com,519-429-4471,1437
Ariel,Branchet,1985-03-27,abranchetlj@gizmodo.com,770-414-9910,1885
Tate,Overy,1953-10-05,toverylk@businessweek.com,752-119-7418,1366
Carling,Pyett,1994-05-24,cpyettll@nyu.edu,690-727-9042,1788
Hope,Scallan,1950-09-11,hscallanlm@ox.ac.uk,565-959-8736,1002
Cassius,Bilbie,2002-10-03,cbilbieln@ed.gov,155-867-6091,1763
Perry,Ellcome,1978-10-05,pellcomelo@artisteer.com,193-421-2390,1986
Lennie,Wallhead,1983-08-31,lwallheadlp@w3.org,819-133-7033,1841
Mollie,Utridge,1987-09-20,mutridgelq@engadget.com,539-273-2611,1679
Don,Gillbey,2001-12-24,dgillbeylr@ustream.tv,212-997-3220,1599
Rebeca,Eastcourt,1994-08-19,reastcourtls@goodreads.com,599-139-9820,1335
Dene,Pendrich,1954-04-26,dpendrichlt@moonfruit.com,361-630-2175,1816
Erek,Roget,1969-08-18,erogetlu@macromedia.com,908-527-2632,1113
Stillman,Pummery,1975-10-24,spummerylv@amazon.com,529-551-0777,1187
Aldus,Boreland,1982-04-02,aborelandlw@go.com,811-582-2619,1094
Bronson,Freake,1973-10-12,bfreakelx@si.edu,904-229-3692,1974
Toby,Arrigo,1953-04-12,tarrigoly@chicagotribune.com,276-562-3469,1609
Iosep,Pretty,2004-04-07,iprettylz@weather.com,886-997-3504,1534
Godfree,Myrtle,1972-11-22,gmyrtlem0@nymag.com,378-836-3967,1435
Chiarra,Burgoin,1998-05-12,cburgoinm1@fda.gov,533-174-5847,1232
Rici,Girhard,1977-05-15,rgirhardm2@timesonline.co.uk,851-979-6723,1744
Hewitt,Kluge,1957-09-17,hklugem3@illinois.edu,585-626-7638,1634
Jefferson,Rhodus,1992-03-20,jrhodusm4@state.gov,698-337-9608,1128
Ericka,Farrin,1994-04-11,efarrinm5@earthlink.net,686-963-0375,1581
Malinde,McCall,1977-12-07,mmccallm6@tuttocitta.it,570-722-2181,1030
Ansel,Ransley,1954-01-24,aransleym7@biblegateway.com,959-239-3293,1938
Lukas,Ughetti,1951-07-31,lughettim8@wp.com,726-905-6107,1611
Benedetta,Reay,1978-08-14,breaym9@themeforest.net,255-447-3643,1416
Katya,Cisco,1961-03-23,kciscoma@ycombinator.com,908-529-1414,1094
Yardley,Ridesdale,1970-04-01,yridesdalemb@seesaa.net,744-422-4998,1568
Katleen,Silber,1968-06-17,ksilbermc@amazonaws.com,695-747-4660,1856
Gillie,Depka,1968-01-14,gdepkamd@goo.ne.jp,279-284-4548,1719
Chadwick,Terbeek,1960-01-12,cterbeekme@instagram.com,590-897-3361,1385
Danica,Longo,1969-07-22,dlongomf@skyrock.com,360-951-6697,1663
Modesty,Mainstone,1957-03-17,mmainstonemg@google.com.au,151-461-5558,1928
Frederico,Sedgemond,2002-12-04,fsedgemondmh@home.pl,646-649-9225,1810
Cacilia,Martignoni,1966-02-09,cmartignonimi@cnet.com,325-138-2232,1636
Pasquale,Dumbleton,1958-05-02,pdumbletonmj@hugedomains.com,891-436-8509,1630
Rosella,Tennet,1991-10-10,rtennetmk@rambler.ru,751-746-8619,1177
Bryn,Camm,1994-07-21,bcammml@unblog.fr,692-887-8867,1648
Korie,Mayberry,1992-07-08,kmayberrymm@is.gd,240-602-2864,1896
Woodie,Greser,2004-08-11,wgresermn@jigsy.com,985-365-6647,1841
Kerwinn,Eglaise,1988-10-14,keglaisemo@va.gov,761-580-3144,1847
Barnebas,Dalmon,1960-10-18,bdalmonmp@netlog.com,724-150-3886,1644
Dianemarie,Sousa,1986-04-04,dsousamq@163.com,125-472-0346,1010
Haywood,Oakland,1985-03-14,hoaklandmr@reverbnation.com,154-676-1415,1210
Llywellyn,Benditt,1983-08-26,lbendittms@nationalgeographic.com,703-995-5735,1236
Andie,Hadcock,1960-02-05,ahadcockmt@epa.gov,908-247-9365,1750
Benny,Gunthorp,1993-04-24,bgunthorpmu@sina.com.cn,897-794-4333,1816
Wilek,Boote,1951-06-30,wbootemv@surveymonkey.com,990-104-7938,1561
Alayne,Adan,1966-01-12,aadanmw@angelfire.com,353-590-3488,1120
Wade,Fairham,1956-11-29,wfairhammx@aboutads.info,609-126-5940,1472
Ninon,Whightman,1980-07-06,nwhightmanmy@sourceforge.net,314-870-6843,1572
Stanislas,Windridge,1978-02-17,swindridgemz@china.com.cn,349-248-2698,1544
Blondie,Gathercoal,1976-08-02,bgathercoaln0@twitpic.com,344-537-6424,1541
Mordecai,Oliva,1995-08-16,molivan1@samsung.com,601-125-9808,1216
Alaine,Klyner,2004-12-21,aklynern2@jimdo.com,395-548-8982,1331
Othelia,Petters,1951-11-11,opettersn3@google.ru,755-329-8712,1763
Danila,De Rechter,1987-01-07,dderechtern4@va.gov,116-600-8338,1212
Miltie,Frangello,1989-10-10,mfrangellon5@businessweek.com,459-790-0093,1787
Arlin,Laing,1987-01-26,alaingn6@nhs.uk,847-954-4580,1777
Syman,Alesin,1952-07-29,salesinn7@tiny.cc,966-438-7845,1363
Alfie,Valasek,1979-11-06,avalasekn8@squarespace.com,838-605-2036,1426
Valerie,Duester,1981-03-01,vduestern9@fema.gov,271-155-2444,1070
Orv,Leppard,1990-12-23,oleppardna@t-online.de,368-853-7411,1376
Geneva,Ficken,1953-02-13,gfickennb@paypal.com,986-853-9636,1055
Alikee,Birdsall,1998-11-30,abirdsallnc@squarespace.com,481-547-0937,1196
Franky,Hartnell,1993-12-26,fhartnellnd@unc.edu,432-888-4721,1292
Farly,Stockbridge,1986-09-10,fstockbridgene@va.gov,849-451-6856,1515
Win,Hazley,1984-10-02,whazleynf@g.co,427-850-4701,1594
Aurthur,Cowx,1987-03-10,acowxng@census.gov,167-945-9688,1348
Maxie,Lansdowne,1955-02-19,mlansdownenh@yelp.com,215-820-3795,1377
Prentiss,Sellors,1963-01-16,psellorsni@wisc.edu,271-117-3523,1191
Malchy,Hoyes,1976-05-27,mhoyesnj@nbcnews.com,368-815-8771,1483
Gallard,Purvess,1988-02-28,gpurvessnk@archive.org,678-140-0664,1459
Mel,Tomenson,1987-09-01,mtomensonnl@amazon.co.uk,843-753-0270,1088
Bryn,Canape,1988-10-18,bcanapenm@clickbank.net,685-643-5100,1405
Miranda,Jerrome,1996-03-10,mjerromenn@photobucket.com,310-560-9362,1873
Yorgos,Coggell,2003-09-27,ycoggellno@sina.com.cn,467-247-0116,1010
Dulsea,Ripping,1976-03-14,drippingnp@usgs.gov,124-783-7493,1529
Clementina,Tinto,1982-08-01,ctintonq@homestead.com,128-587-2566,1665
Spike,Giacopetti,1970-02-20,sgiacopettinr@zdnet.com,360-659-9669,1533
Gery,Weich,1955-07-09,gweichns@tuttocitta.it,868-933-2739,1295
Madlin,Morford,1967-01-02,mmorfordnt@xrea.com,557-894-0144,1914
Denna,Moodycliffe,2001-10-15,dmoodycliffenu@apple.com,861-176-2600,1423
Giacomo,Fish,1997-11-01,gfishnv@xing.com,582-727-9427,1643
Muffin,O'Neary,1961-03-13,monearynw@wordpress.com,387-603-0631,1612
Katharine,Macrae,1975-07-02,kmacraenx@hatena.ne.jp,431-171-8762,1287
Burtie,Avrahamof,1965-01-14,bavrahamofny@nbcnews.com,142-568-6239,1127
Andra,Cox,2002-04-10,acoxnz@pbs.org,972-137-9329,1897
Othello,Rosell,1968-11-15,orosello0@squidoo.com,872-984-3130,1337
Minnie,Duetschens,1973-06-17,mduetschenso1@paypal.com,643-276-5696,1441
Rochell,Crumly,1991-04-13,rcrumlyo2@google.es,380-196-4097,1081
Trace,Heads,1981-03-30,theadso3@360.cn,398-570-4858,1989
Valry,Gooding,1978-06-13,vgoodingo4@angelfire.com,361-870-2338,1456
Sioux,Kemp,1978-03-19,skempo5@squidoo.com,565-651-0690,1939
Boris,Bovey,1996-07-15,bboveyo6@cornell.edu,999-728-4151,1344
Ivor,Kornyakov,1968-08-08,ikornyakovo7@github.io,485-757-5320,1077
Clementina,Keems,1986-04-02,ckeemso8@cargocollective.com,801-448-1670,1690
Giffer,Fawthrop,1950-04-11,gfawthropo9@slate.com,534-570-7321,1113
Lori,Glaisner,1980-05-08,lglaisneroa@flickr.com,746-326-4535,1619
Alta,Sussex,1981-01-08,asussexob@rambler.ru,524-151-5540,1394
Rosana,Asipenko,1967-02-05,rasipenkooc@wikispaces.com,701-147-9209,1431
Barnebas,Widd,1973-05-28,bwiddod@state.gov,119-829-4972,1902
Brandais,Terris,1978-09-07,bterrisoe@behance.net,485-158-4140,1459
Sylvester,Larway,1990-04-15,slarwayof@china.com.cn,955-860-9946,1605
Lotty,Lowther,1998-05-29,llowtherog@imdb.com,211-244-5448,1717
Consalve,Dawkes,1965-04-09,cdawkesoh@ebay.com,569-258-6128,1875
Annalise,Raff,2002-12-28,araffoi@craigslist.org,957-218-7385,1269
Mersey,Stoppard,1998-01-08,mstoppardoj@cloudflare.com,517-798-5901,1965
Tan,Clemenzi,1990-03-23,tclemenziok@msn.com,839-320-9745,1635
Quinton,Hemshall,1965-06-30,qhemshallol@quantcast.com,485-263-1598,1494
Rose,Burmaster,2002-05-31,rburmasterom@google.nl,632-102-3544,1015
Terrill,Cobbe,2002-04-28,tcobbeon@addthis.com,453-632-2314,1426
Lucina,Gartshore,1998-06-06,lgartshoreoo@goo.ne.jp,150-109-0436,1155
Boote,Bazely,1956-05-16,bbazelyop@dropbox.com,525-246-6123,1794
Shanie,Dodsley,2001-04-20,sdodsleyoq@acquirethisname.com,294-149-8076,1812
Sallee,Grimsdyke,1961-03-07,sgrimsdykeor@thetimes.co.uk,469-492-3870,1952
Devland,Saffran,1991-02-26,dsaffranos@ovh.net,519-511-8832,1429
Farlay,Scarr,1962-11-22,fscarrot@networkadvertising.org,108-381-1656,1475
Armand,Bousler,1986-08-17,abouslerou@twitpic.com,139-899-8915,1785
Randa,Tomasik,1958-06-26,rtomasikov@google.de,650-464-3297,1455
Theresina,Hedney,1989-03-03,thedneyow@shop-pro.jp,574-963-7366,1199
Chauncey,Wynter,1963-03-04,cwynterox@cbslocal.com,855-102-1310,1715
Vallie,Commucci,1994-07-01,vcommuccioy@altervista.org,240-763-0215,1494
Josephine,Jaume,1974-06-06,jjaumeoz@psu.edu,787-253-9939,1194
Juli,Pointer,1994-01-01,jpointerp0@usnews.com,198-967-6137,1466
Matty,Hallybone,1974-02-25,mhallybonep1@va.gov,366-349-5097,1257
Hermina,Blankley,1998-03-15,hblankleyp2@toplist.cz,927-192-3150,1766
Rosaline,Skea,2001-11-09,rskeap3@histats.com,944-333-7736,1353
Fanechka,Bennetto,1970-06-24,fbennettop4@newsvine.com,220-873-5775,1872
Antoinette,Wardhaugh,1979-01-06,awardhaughp5@illinois.edu,629-363-5379,1429
Babita,Faughey,1999-12-09,bfaugheyp6@marriott.com,521-861-6397,1061
Darb,Segeswoeth,1960-05-21,dsegeswoethp7@linkedin.com,626-777-2557,1598
Buck,Deinhardt,1992-11-02,bdeinhardtp8@washingtonpost.com,533-811-8556,1650
Todd,Alves,1974-01-21,talvesp9@constantcontact.com,803-693-0247,1563
Irita,Bould,2003-12-13,ibouldpa@geocities.jp,758-965-1884,1874
Mitchel,Durham,1995-02-04,mdurhampb@jimdo.com,804-652-0341,1039
Jerry,Pearce,1972-05-20,jpearcepc@constantcontact.com,146-859-9057,1335
Kikelia,Simner,2003-01-07,ksimnerpd@vistaprint.com,393-949-2196,1391
Jud,Horsted,1975-04-30,jhorstedpe@cornell.edu,614-831-6158,1789
Sandye,Merryweather,1980-12-15,smerryweatherpf@moonfruit.com,721-485-3961,1636
Melva,Von Welldun,1977-01-08,mvonwelldunpg@ftc.gov,255-313-8509,1933
Worden,Stud,1969-02-04,wstudph@hp.com,247-735-3030,1632
Boycey,Luchetti,1964-12-15,bluchettipi@eventbrite.com,122-999-5122,1828
Ram,Dodson,2003-04-15,rdodsonpj@tiny.cc,325-942-3519,1279
Franklyn,Tchir,1978-02-06,ftchirpk@bravesites.com,251-731-4865,1537
Leonie,McCowen,1954-02-27,lmccowenpl@unicef.org,546-873-6875,1641
Corena,Colson,1956-09-25,ccolsonpm@tripadvisor.com,299-443-2642,1275
Sally,Haggeth,1977-12-01,shaggethpn@scribd.com,463-703-0792,1959
Astrid,O'Keeffe,1956-03-31,aokeeffepo@amazonaws.com,251-941-5325,1698
Deirdre,Linder,1991-08-13,dlinderpp@oracle.com,872-609-7589,1704
Carr,Clarricoates,1996-06-22,cclarricoatespq@com.com,355-415-1622,1584
Carmel,Scolland,1999-04-04,cscollandpr@ebay.com,372-851-3662,1781
Iggie,Woodlands,1952-06-14,iwoodlandsps@home.pl,940-222-8762,1002
Carry,Gotcher,1959-09-28,cgotcherpt@umn.edu,345-877-1392,1397
Luciano,Dowle,2004-04-23,ldowlepu@auda.org.au,125-378-8735,1840
Jessey,Cocking,1989-08-06,jcockingpv@cbsnews.com,433-774-9787,1081
Malissa,Culligan,1992-09-26,mculliganpw@sfgate.com,965-257-8817,1946
Orren,Brewse,1992-08-11,obrewsepx@cornell.edu,754-796-2093,1604
Kania,Aucott,1993-05-10,kaucottpy@vistaprint.com,284-846-0481,1182
Anet,Furman,1955-06-06,afurmanpz@symantec.com,811-147-2620,1372
Kamillah,Dobbin,1993-11-30,kdobbinq0@webs.com,600-333-3684,1416
Ardella,Biesinger,1972-03-31,abiesingerq1@rediff.com,132-209-6443,1379
Ermanno,Spawton,2001-05-28,espawtonq2@tmall.com,770-203-6701,1115
Korry,Blasi,1998-12-08,kblasiq3@marketwatch.com,326-248-7580,1471
Donnajean,Avramovsky,2002-06-04,davramovskyq4@xing.com,547-482-4514,1489
Abey,Culpin,1986-03-06,aculpinq5@sakura.ne.jp,108-784-2679,1921
Terry,Abelwhite,1991-10-23,tabelwhiteq6@omniture.com,570-289-9842,1722
Goober,Snelman,1997-02-10,gsnelmanq7@umn.edu,877-591-1016,1551
Alf,Murton,1976-12-14,amurtonq8@sciencedirect.com,587-751-9932,1863
Judie,Hefforde,1959-08-02,jheffordeq9@merriam-webster.com,987-885-6562,1110
Elston,Filipychev,1973-10-30,efilipychevqa@dagondesign.com,199-401-0431,1098
Natka,Bardwell,1977-10-10,nbardwellqb@latimes.com,978-554-3364,1734
Robinette,Wingham,1981-04-03,rwinghamqc@naver.com,445-185-7882,1396
Art,Penvarden,1964-07-22,apenvardenqd@engadget.com,548-190-6800,1310
Melina,Checo,1967-12-24,mchecoqe@dailymotion.com,368-224-5113,1693
Corabel,Iacofo,1980-02-02,ciacofoqf@usda.gov,981-556-7359,1764
Tudor,Gilchrist,1962-06-03,tgilchristqg@ehow.com,536-537-6011,1760
Bambie,Foote,1991-05-28,bfooteqh@cmu.edu,302-688-4018,1973
Winfield,Galway,2004-11-05,wgalwayqi@ebay.co.uk,842-861-2453,1221
Masha,Lidden,1971-05-05,mliddenqj@flavors.me,600-508-7143,1742
Free,Watkiss,1988-11-26,fwatkissqk@google.com,800-105-2227,1826
Eleni,Ecles,1991-12-22,eeclesql@cafepress.com,388-990-7246,1205
Sapphira,Partener,1970-02-08,spartenerqm@microsoft.com,930-361-8212,1357
Reggie,Nesterov,1972-12-20,rnesterovqn@imageshack.us,351-180-0050,1660
Horton,Downage,1953-12-13,hdownageqo@opera.com,598-172-1606,1412
Cora,Glossop,1951-06-07,cglossopqp@liveinternet.ru,189-135-0155,1772
Cosme,Angel,1957-01-09,cangelqq@vistaprint.com,470-581-4846,1610
Bunnie,Ciciari,1975-08-05,bciciariqr@noaa.gov,583-208-5918,1408
Pamella,Coneau,1950-08-19,pconeauqs@lulu.com,455-769-3461,1560
Amos,Fearn,1983-06-21,afearnqt@nps.gov,871-915-0610,1787
Eddi,Pleavin,1955-10-01,epleavinqu@cafepress.com,338-266-0081,1634
Thomasina,Grinley,1993-02-27,tgrinleyqv@bloomberg.com,596-963-7926,1091
Thom,Dur,1999-02-24,tdurqw@amazonaws.com,764-993-3182,1012
Micheline,Edson,1966-07-10,medsonqx@cbslocal.com,916-280-2323,1428
Cindra,Plott,1960-02-19,cplottqy@upenn.edu,657-686-0590,1534
Nisse,Reddan,1986-07-10,nreddanqz@prnewswire.com,443-158-8441,1608
Cornelius,Flanagan,1974-07-01,cflanaganr0@freewebs.com,852-883-3246,1196
Erminie,Caveau,2002-01-09,ecaveaur1@digg.com,490-740-1290,1751
Mace,Bridgement,1990-07-09,mbridgementr2@vk.com,305-685-5842,1811
Brockie,Yeldon,1990-12-14,byeldonr3@tumblr.com,763-712-8430,1847
Lonee,Sodo,1994-07-09,lsodor4@free.fr,575-301-3966,1600
Shayne,Bolitho,1997-06-16,sbolithor5@google.ca,685-198-2018,1327
Clywd,Stribbling,1959-01-03,cstribblingr6@discovery.com,279-620-4504,1267
Avram,Bolding,1985-03-20,aboldingr7@biblegateway.com,969-190-3175,1123
Phylys,Lanfear,1951-10-08,planfearr8@cbslocal.com,642-596-5978,1552
Ogden,Arrington,1976-10-26,oarringtonr9@bing.com,786-860-3444,1857
Dusty,Skelding,2001-03-03,dskeldingra@meetup.com,868-514-9666,1061
Filide,Rait,1967-06-10,fraitrb@fema.gov,885-145-4573,1342
Mariquilla,Riccioppo,1975-01-29,mricciopporc@tiny.cc,746-145-6909,1455
Vevay,Yearron,1985-10-11,vyearronrd@wunderground.com,409-802-5211,1175
Stace,Ashlee,1954-08-25,sashleere@zdnet.com,588-395-0333,1304
Gina,Merington,1984-11-20,gmeringtonrf@jimdo.com,330-588-4868,1798
Eyde,Kas,1961-05-08,ekasrg@yandex.ru,320-743-7746,1417
Gabbie,Cominetti,1965-02-18,gcominettirh@bravesites.com,835-541-5042,1619
Bernardina,Novotne,1991-05-14,bnovotneri@a8.net,188-478-9002,1752
Lola,Feldmus,1971-07-31,lfeldmusrj@alibaba.com,150-472-6963,1432
Adolphus,Stave,1965-09-02,astaverk@deviantart.com,853-870-3440,1820
Antonius,Oven,1993-12-17,aovenrl@pinterest.com,884-352-3632,1792
Amery,Livingstone,1974-10-20,alivingstonerm@privacy.gov.au,762-526-0972,1666
Niles,Kyne,1991-08-11,nkynern@imgur.com,716-945-3233,1361
Fidelity,Bixley,1997-06-15,fbixleyro@ycombinator.com,997-930-8405,1210
Morlee,Wiltshear,1959-07-07,mwiltshearrp@washington.edu,868-932-4204,1403
Myrta,Soper,1968-12-22,msoperrq@economist.com,761-903-5944,1508
Nicolina,Fuzzard,2004-05-26,nfuzzardrr@smh.com.au,999-819-0066,1718
